Nome do Cliente,Data da Interação,Tipo de Interação,Descrição da Interação,Funcionário Responsável
Banco Alpha,2024-10-26,E-mail,Reunião de acompanhamento do projeto,Ana Silva
Seguros Beta,2024-10-27,Telefone,Suporte técnico para integração de sistema,Carlos Oliveira
Investimentos Gama,2024-10-28,Chat,Dúvidas sobre nova funcionalidade,Mariana Souza
Financeira Delta,2024-10-29,E-mail,Envio de relatório de desempenho,Pedro Santos
Supermercado Estrela,2024-10-30,Chat,Solicitação de treinamento adicional,Juliana Pereira
Loja Moda Linda,2024-10-31,Telefone,Reclamação sobre lentidão do sistema,Ricardo Costa
Eletrodomésticos Novo Lar,2024-11-01,E-mail,Apresentação de novas soluções,Fernanda Rodrigues
Livraria Saber,2024-11-02,Chat,Problemas com acesso à base de dados,Lucas Gonçalves
Tech Solutions,2024-11-03,Telefone,Negociação para renovação de contrato,Gustavo Almeida
Inova Sistemas,2024-11-04,E-mail,Solicitação de suporte urgente,Camila Ferreira
Digital World,2024-11-05,Chat,Dúvidas sobre integração com API,Rafael Barbosa
Code Masters,2024-11-06,Telefone,Reclamação sobre tempo de resposta do suporte,Beatriz Castro
Hospital Vida Plena,2024-11-07,E-mail,Apresentação de nova ferramenta de gestão,Bruno Ribeiro
Clínica Bem Estar,2024-11-08,Chat,Solicitação de informações sobre treinamento,Letícia Martins
Laboratório Exames Já,2024-11-09,Telefone,Problemas com acesso ao sistema de relatórios,Thiago Nunes
Farmácia Saúde Total,2024-11-10,E-mail,Envio de proposta para novo projeto,Isabela Cavalcanti
Universidade Saber Mais,2024-11-11,Chat,Dúvidas sobre integração com plataforma EAD,Diego Rocha
Escola Crescer,2024-11-12,Telefone,Solicitação de suporte para configuração de sistema,Aline Cunha
Instituto Aprender,2024-11-13,E-mail,Reunião para discutir resultados do projeto,Felipe Melo
Cursos Online Futuro,2024-11-14,Chat,Dúvidas sobre acesso a novos conteúdos,Vanessa Guedes